{
  "name": "perceptron",
  "hidden": [],
  "bias": true,
  "activation": 3,
  "loss": 0,
  "limit": 0.1,
  "rate": 0.3,
  "weights": [
    [
      [
        0.7775476,
        0.5,
        0.7775476
      ],
      [
        0.5158631,
        0.5,
        0.5158631
      ]
    ]
  ]
}