{
	"architecture": {
		"perceptron": {
			"hiddenLayer": [
				3,
				5
			],
			"bias": true,
			"activationMode": 3,
			"lossMode": 0,
			"lossLevel": 0.0001,
			"rate": 0.3,
			"weight": [
				[
					[
						0.502252,
						0.5030353,
						0.5009791
					],
					[
						0.502252,
						0.5030353,
						0.5009791
					],
					[
						0.502252,
						0.5030353,
						0.5009791
					]
				],
				[
					[
						0.5099807,
						0.5099807,
						0.5099807,
						0.510385
					],
					[
						0.5099807,
						0.5099807,
						0.5099807,
						0.510385
					],
					[
						0.5099807,
						0.5099807,
						0.5099807,
						0.510385
					],
					[
						0.5099807,
						0.5099807,
						0.5099807,
						0.510385
					],
					[
						0.5099807,
						0.5099807,
						0.5099807,
						0.510385
					]
				],
				[
					[
						0.65005684,
						0.65005684,
						0.65005684,
						0.65005684,
						0.65005684,
						0.6712735
					]
				]
			]
		}
	},
	"isTrain": true
}