{
	"architecture": {
		"perceptron": {
			"hiddenLayer": [
				5,
				3
			],
			"bias": true,
			"activationMode": 3,
			"lossMode": 0,
			"lossLevel": 0.01,
			"rate": 0.3,
			"weight": [
				[
					[
						0.5600778,
						0.47511196,
						0.4597545,
						0.3615165
					],
					[
						0.5600778,
						0.47511196,
						0.4597545,
						0.3615165
					],
					[
						0.5600778,
						0.47511196,
						0.4597545,
						0.3615165
					],
					[
						0.5600778,
						0.47511196,
						0.4597545,
						0.3615165
					],
					[
						0.5600778,
						0.47511196,
						0.4597545,
						0.3615165
					]
				],
				[
					[
						0.25630364,
						0.25630364,
						0.25630364,
						0.25630364,
						0.25630364,
						0.050994154
					],
					[
						0.25630364,
						0.25630364,
						0.25630364,
						0.25630364,
						0.25630364,
						0.050994154
					],
					[
						0.25630364,
						0.25630364,
						0.25630364,
						0.25630364,
						0.25630364,
						0.050994154
					]
				],
				[
					[
						-0.24277425,
						-0.24277425,
						-0.24277425,
						0.194031
					],
					[
						-0.28121683,
						-0.28121683,
						-0.28121683,
						0.18430372
					]
				]
			]
		}
	},
	"isTrain": true
}