{
	"architecture": {
		"perceptron": {
			"hiddenLayer": [
				3,
				5
			],
			"bias": true,
			"activationMode": 3,
			"lossMode": 0,
			"lossLevel": 0.0001,
			"rate": 0.3,
			"weight": [
				[
					[
						0.5005667,
						0.50076383,
						0.5002464
					],
					[
						0.5005667,
						0.50076383,
						0.5002464
					],
					[
						0.5005667,
						0.50076383,
						0.5002464
					]
				],
				[
					[
						0.50251657,
						0.50251657,
						0.50251657,
						0.50261915
					],
					[
						0.50251657,
						0.50251657,
						0.50251657,
						0.50261915
					],
					[
						0.50251657,
						0.50251657,
						0.50251657,
						0.50261915
					],
					[
						0.50251657,
						0.50251657,
						0.50251657,
						0.50261915
					],
					[
						0.50251657,
						0.50251657,
						0.50251657,
						0.50261915
					]
				],
				[
					[
						0.5417358,
						0.5417358,
						0.5417358,
						0.5417358,
						0.5417358,
						0.547726
					]
				]
			]
		}
	},
	"isTrain": true
}