{
	"architecture": {
		"perceptron": {
			"hiddenLayer": [
				3,
				5
			],
			"bias": true,
			"activationMode": 3,
			"lossMode": 0,
			"lossLevel": 0.0001,
			"rate": 0.3,
			"weight": [
				[
					[
						0.24451722,
						0.37306872,
						0.00022401672
					],
					[
						-0.33332258,
						0.2451235,
						0.47839192
					],
					[
						0.1920183,
						0.011391252,
						-0.48310247
					]
				],
				[
					[
						-0.0076404028,
						-0.06434687,
						-0.105546065,
						0.04019084
					],
					[
						-0.25147173,
						-0.15037006,
						0.08507045,
						-0.21520877
					],
					[
						-0.4946418,
						0.01571745,
						0.40376154,
						0.10826926
					],
					[
						0.35867754,
						0.23318873,
						-0.20755684,
						-0.2401501
					],
					[
						0.058295436,
						0.007868228,
						-0.2073356,
						-0.51171726
					]
				],
				[
					[
						0.57694745,
						0.25552607,
						0.06841273,
						-0.07918377,
						-0.33804256,
						0.13579884
					]
				]
			]
		}
	},
	"isTrain": true
}