{
	"architecture": {
		"perceptron": {
			"hiddenLayer": [
				3,
				5
			],
			"bias": true,
			"activationMode": 3,
			"lossMode": 0,
			"lossLevel": 0.0001,
			"rate": 0.3,
			"weight": [
				[
					[
						0.5010608,
						0.50142974,
						0.5004612
					],
					[
						0.5010608,
						0.50142974,
						0.5004612
					],
					[
						0.5010608,
						0.50142974,
						0.5004612
					]
				],
				[
					[
						0.5047077,
						0.5047077,
						0.5047077,
						0.50489926
					],
					[
						0.5047077,
						0.5047077,
						0.5047077,
						0.50489926
					],
					[
						0.5047077,
						0.5047077,
						0.5047077,
						0.50489926
					],
					[
						0.5047077,
						0.5047077,
						0.5047077,
						0.50489926
					],
					[
						0.5047077,
						0.5047077,
						0.5047077,
						0.50489926
					]
				],
				[
					[
						0.5755675,
						0.5755675,
						0.5755675,
						0.5755675,
						0.5755675,
						0.5863645
					]
				]
			]
		}
	},
	"isTrain": true
}