{
	"architecture": {
		"perceptron": {
			"hiddenLayer": [
				5,
				3
			],
			"bias": true,
			"activationMode": 3,
			"lossMode": 0,
			"lossLevel": 0.001,
			"rate": 0.3,
			"weight": [
				[
					[
						-2.509328,
						2.701452,
						3.0411003,
						-2.4212155
					],
					[
						-1.2400004,
						-1.1687587,
						4.4072504,
						-2.0916667
					],
					[
						-1.2887535,
						2.5541062,
						10.885563,
						-2.117373
					],
					[
						3.9742472,
						3.6439633,
						4.736724,
						-3.8938696
					],
					[
						8.726884,
						3.0495486,
						3.0697381,
						-7.1107054
					]
				],
				[
					[
						3.7174044,
						2.9472237,
						-5.7205124,
						2.2891467,
						-1.658524,
						0.34530357
					],
					[
						1.8418036,
						2.0713947,
						-6.0644655,
						3.9673746,
						-2.766526,
						2.3391302
					],
					[
						1.8144722,
						2.2115483,
						0.09675392,
						-4.9503107,
						5.3915057,
						1.110259
					]
				],
				[
					[
						2.100095,
						6.550399,
						-5.263858,
						-1.1093117
					],
					[
						-6.4710026,
						-4.0244737,
						-3.8898458,
						6.2446103
					]
				]
			]
		}
	},
	"isTrain": true
}