{
	"architecture": {
		"perceptron": {
			"hiddenLayer": [
				3,
				5
			],
			"bias": true,
			"activationMode": 3,
			"lossMode": 0,
			"lossLevel": 0.0001,
			"rate": 0.3,
			"weight": [
				[
					[
						0.5034828,
						0.5046941,
						0.5015142
					],
					[
						0.5034828,
						0.5046941,
						0.5015142
					],
					[
						0.5034828,
						0.5046941,
						0.5015142
					],
					[
						0.019476237,
						0.026250578,
						0.008467929
					],
					[
						0.00010708276,
						0.00014432894,
						0.00004655772
					],
					[
						0.00010708276,
						0.00014432894,
						0.00004655772
					],
					[
						0.00010708276,
						0.00014432894,
						0.00004655772
					],
					[
						0.00010708276,
						0.00014432894,
						0.00004655772
					],
					[
						0.00010708276,
						0.00014432894,
						0.00004655772
					],
					[
						0.00010708276,
						0.00014432894,
						0.00004655772
					],
					[
						0.00010708276,
						0.00014432894,
						0.00004655772
					],
					[
						0.00010708276,
						0.00014432894,
						0.00004655772
					],
					[
						0.00010708276,
						0.00014432894,
						0.00004655772
					]
				],
				[
					[
						0.51541597,
						0.51541597,
						0.51541597,
						0.50951505,
						0.006709974,
						0.006709974,
						0.006709974,
						0.006709974,
						0.006709974,
						0.006709974,
						0.006709974,
						0.006709974,
						0.006709974,
						0.01341886
					],
					[
						0.51541597,
						0.51541597,
						0.51541597,
						0.50951505,
						0.006709974,
						0.006709974,
						0.006709974,
						0.006709974,
						0.006709974,
						0.006709974,
						0.006709974,
						0.006709974,
						0.006709974,
						0.01341886
					],
					[
						0.51541597,
						0.51541597,
						0.51541597,
						0.50951505,
						0.006709974,
						0.006709974,
						0.006709974,
						0.006709974,
						0.006709974,
						0.006709974,
						0.006709974,
						0.006709974,
						0.006709974,
						0.01341886
					],
					[
						0.51541597,
						0.51541597,
						0.51541597,
						0.50951505,
						0.006709974,
						0.006709974,
						0.006709974,
						0.006709974,
						0.006709974,
						0.006709974,
						0.006709974,
						0.006709974,
						0.006709974,
						0.01341886
					],
					[
						0.51541597,
						0.51541597,
						0.51541597,
						0.50951505,
						0.006709974,
						0.006709974,
						0.006709974,
						0.006709974,
						0.006709974,
						0.006709974,
						0.006709974,
						0.006709974,
						0.006709974,
						0.01341886
					]
				],
				[
					[
						0.69107735,
						0.69107735,
						0.69107735,
						0.69107735,
						0.69107735,
						0.7232696
					]
				]
			]
		}
	},
	"isTrain": true
}