{
	"architecture": {
		"perceptron": {
			"hiddenLayer": [
				3,
				2
			],
			"bias": true,
			"activationMode": 3,
			"lossMode": 0,
			"lossLevel": 0.0001,
			"rate": 0.3,
			"weight": [
				[
					[
						0.5006434,
						0.5008671,
						0.5002797
					],
					[
						0.5006434,
						0.5008671,
						0.5002797
					],
					[
						0.5006434,
						0.5008671,
						0.5002797
					]
				],
				[
					[
						0.5071419,
						0.5071419,
						0.5071419,
						0.507433
					],
					[
						0.5071419,
						0.5071419,
						0.5071419,
						0.507433
					]
				],
				[
					[
						0.6184443,
						0.6184443,
						0.6354439
					]
				]
			]
		}
	},
	"isTrain": true
}